Taxon	gutmock00	gutmock01	gutmock02	gutmock03	gutmock04
k__Bacteria; p__Bacteroidetes; c__Bacteroidia; o__Bacteroidales; f__Bacteroidaceae; g__Phocaeicola; s__Phocaeicola_vulgatus	1178.0	1108.0	1628.0	910.0	1614.0
k__Bacteria; p__Bacteroidetes; c__Bacteroidia; o__Bacteroidales; f__Rikenellaceae; g__Alistipes; s__Alistipes_onderdonkii	555.0	58.0	89.0	69.0	41.0
k__Bacteria; p__Firmicutes; c__Clostridia; o__Eubacteriales; f__Oscillospiraceae; g__Faecalibacterium; s__Faecalibacterium_prausnitzii	443.0	648.0	571.0	577.0	454.0
k__Bacteria; p__Firmicutes; c__Clostridia; o__Eubacteriales; f__Lachnospiraceae; g__Blautia; s__Blautia_wexlerae	381.0	527.0	412.0	209.0	878.0
k__Bacteria; p__Firmicutes; c__Clostridia; o__Eubacteriales; f__Lachnospiraceae; g__; s__[Eubacterium]_rectale	366.0	463.0	279.0	328.0	188.0
k__Bacteria; p__Verrucomicrobia; c__Verrucomicrobiae; o__Verrucomicrobiales; f__Akkermansiaceae; g__Akkermansia; s__Akkermansia_muciniphila	310.0	29.0	181.0	60.0	26.0
k__Bacteria; p__Bacteroidetes; c__Bacteroidia; o__Bacteroidales; f__Bacteroidaceae; g__Bacteroides; s__Bacteroides_stercoris	296.0	179.0	37.0	31.0	37.0
k__Bacteria; p__Firmicutes; c__Erysipelotrichia; o__Erysipelotrichales; f__Erysipelotrichaceae; g__Erysipelatoclostridium; s__Erysipelatoclostridium_ramosum	286.0	63.0	48.0	34.0	43.0
k__Bacteria; p__Firmicutes; c__Clostridia; o__Eubacteriales; f__Oscillospiraceae; g__Ruminococcus; s__Ruminococcus_bromii	213.0	347.0	240.0	315.0	185.0
k__Bacteria; p__Bacteroidetes; c__Bacteroidia; o__Bacteroidales; f__Tannerellaceae; g__Parabacteroides; s__Parabacteroides_distasonis	197.0	169.0	213.0	126.0	373.0
k__Bacteria; p__Bacteroidetes; c__Bacteroidia; o__Bacteroidales; f__Prevotellaceae; g__Prevotella; s__Prevotella_corporis	183.0	78.0	0.0	168.0	44.0
k__Bacteria; p__Firmicutes; c__Clostridia; o__Eubacteriales; f__Oscillospiraceae; g__Ruminococcus; s__Ruminococcus_bicirculans	166.0	110.0	82.0	145.0	82.0
k__Bacteria; p__Firmicutes; c__Clostridia; o__Eubacteriales; f__Eubacteriaceae; g__Eubacterium; s__Eubacterium_coprostanoligenes	165.0	70.0	87.0	140.0	156.0
k__Bacteria; p__Firmicutes; c__Clostridia; o__Eubacteriales; f__Lachnospiraceae; g__Anaerostipes; s__Anaerostipes_hadrus	162.0	246.0	85.0	190.0	252.0
k__Bacteria; p__Firmicutes; c__Clostridia; o__Eubacteriales; f__Lachnospiraceae; g__[Eubacterium]_eligens_group; s__[Eubacterium]_eligens	125.0	207.0	155.0	156.0	170.0
k__Bacteria; p__Firmicutes; c__Clostridia; o__Eubacteriales; f__Lachnospiraceae; g__Roseburia; s__Roseburia_intestinalis	124.0	147.0	224.0	397.0	287.0
k__Bacteria; p__Firmicutes; c__Clostridia; o__Eubacteriales; f__Lachnospiraceae; g__[Eubacterium]_hallii_group; s__[Eubacterium]_hallii	122.0	15.0	65.0	77.0	117.0
k__Bacteria; p__Bacteroidetes; c__Bacteroidia; o__Bacteroidales; f__Bacteroidaceae; g__Phocaeicola; s__Phocaeicola_dorei	115.0	168.0	214.0	119.0	87.0
k__Bacteria; p__Firmicutes; c__Clostridia; o__Eubacteriales; f__Lachnospiraceae; g__Blautia; s__Blautia_faecis	113.0	139.0	131.0	121.0	92.0
k__Bacteria; p__Firmicutes; c__Clostridia; o__Eubacteriales; f__Lachnospiraceae; g__Fusicatenibacter; s__Fusicatenibacter_saccharivorans	112.0	129.0	131.0	128.0	130.0
k__Bacteria; p__Firmicutes; c__Clostridia; o__Eubacteriales; f__Lachnospiraceae; g__Mediterraneibacter; s__[Ruminococcus]_gnavus	108.0	139.0	103.0	96.0	94.0
k__Bacteria; p__Firmicutes; c__Clostridia; o__Eubacteriales; f__Oscillospiraceae; g__Sporobacter; s__Sporobacter_termitidis	102.0	169.0	77.0	148.0	135.0
k__Bacteria; p__Firmicutes; c__Clostridia; o__Eubacteriales; f__Lachnospiraceae; g__Blautia; s__Blautia_luti	101.0	99.0	102.0	111.0	104.0
k__Bacteria; p__Firmicutes; c__Clostridia; o__Eubacteriales; f__Oscillospiraceae; g__Flavonifractor; s__Flavonifractor_plautii	89.0	67.0	104.0	42.0	66.0
k__Bacteria; p__Firmicutes; c__Clostridia; o__Eubacteriales; f__; g__Gemmiger; s__Gemmiger_formicilis	89.0	116.0	130.0	105.0	84.0
k__Bacteria; p__Firmicutes; c__Clostridia; o__Eubacteriales; f__Lachnospiraceae; g__Blautia; s__Blautia_obeum	88.0	83.0	59.0	124.0	111.0
k__Bacteria; p__Firmicutes; c__Clostridia; o__Eubacteriales; f__Lachnospiraceae; g__[Ruminococcus]_torques_group; s__Ruminococcus_torques	85.0	63.0	102.0	76.0	40.0
k__Bacteria; p__Bacteroidetes; c__Bacteroidia; o__Bacteroidales; f__Prevotellaceae; g__Paraprevotella; s__Paraprevotella_clara	82.0	88.0	85.0	84.0	40.0
k__Bacteria; p__Firmicutes; c__Clostridia; o__Eubacteriales; f__Peptostreptococcaceae; g__Intestinibacter; s__Intestinibacter_bartlettii	81.0	34.0	42.0	36.0	16.0
k__Bacteria; p__Proteobacteria; c__Betaproteobacteria; o__Burkholderiales; f__Sutterellaceae; g__Parasutterella; s__Parasutterella_excrementihominis	80.0	51.0	59.0	26.0	30.0
k__Bacteria; p__Firmicutes; c__Clostridia; o__Eubacteriales; f__Lachnospiraceae; g__Coprococcus; s__Coprococcus_comes	76.0	70.0	84.0	82.0	125.0
k__Bacteria; p__Bacteroidetes; c__Bacteroidia; o__Bacteroidales; f__Tannerellaceae; g__Parabacteroides; s__Parabacteroides_merdae	74.0	236.0	334.0	69.0	65.0
k__Bacteria; p__Firmicutes; c__Clostridia; o__Eubacteriales; f__Lachnospiraceae; g__Lachnospiraceae_UCG-004; s__[Eubacterium]_hallii	70.0	106.0	60.0	85.0	76.0
k__Bacteria; p__Firmicutes; c__Clostridia; o__Eubacteriales; f__Oscillospiraceae; g__Dysosmobacter; s__Dysosmobacter_welbionis	69.0	69.0	77.0	71.0	54.0
k__Bacteria; p__Bacteroidetes; c__Bacteroidia; o__Bacteroidales; f__Bacteroidaceae; g__Bacteroides; s__Bacteroides_caccae	65.0	58.0	391.0	37.0	69.0
k__Bacteria; p__Firmicutes; c__Clostridia; o__Eubacteriales; f__Lachnospiraceae; g__Roseburia; s__Roseburia_inulinivorans	64.0	104.0	40.0	86.0	41.0
k__Bacteria; p__Firmicutes; c__Clostridia; o__Eubacteriales; f__Oscillospiraceae; g__Monoglobus; s__Monoglobus_pectinilyticus	62.0	57.0	55.0	70.0	48.0
k__Bacteria; p__Firmicutes; c__Clostridia; o__Eubacteriales; f__Lachnospiraceae; g__Tyzzerella; s__Tyzzerella_nexilis	60.0	16.0	30.0	0.0	30.0
k__Bacteria; p__Bacteroidetes; c__Bacteroidia; o__Bacteroidales; f__Prevotellaceae; g__Prevotella; s__Prevotella_copri	56.0	269.0	58.0	583.0	430.0
k__Bacteria; p__Firmicutes; c__Negativicutes; o__Acidaminococcales; f__Acidaminococcaceae; g__Phascolarctobacterium; s__Phascolarctobacterium_faecium	54.0	42.0	58.0	29.0	22.0
k__Bacteria; p__Firmicutes; c__Clostridia; o__Eubacteriales; f__; g__Flintibacter; s__Flintibacter_butyricus	52.0	46.0	60.0	33.0	45.0
k__Bacteria; p__Bacteroidetes; c__Bacteroidia; o__Bacteroidales; f__Prevotellaceae; g__Prevotella; s__Prevotella_buccalis	52.0	5.0	0.0	60.0	12.0
k__Bacteria; p__Proteobacteria; c__Deltaproteobacteria; o__Desulfovibrionales; f__Desulfovibrionaceae; g__Bilophila; s__Bilophila_wadsworthia	50.0	59.0	70.0	51.0	56.0
k__Bacteria; p__Bacteroidetes; c__Bacteroidia; o__Bacteroidales; f__Barnesiellaceae; g__Barnesiella; s__Barnesiella_intestinihominis	49.0	46.0	75.0	43.0	46.0
k__Bacteria; p__Bacteroidetes; c__Bacteroidia; o__Bacteroidales; f__Bacteroidaceae; g__Bacteroides; s__Bacteroides_kribbi	48.0	74.0	95.0	57.0	32.0
k__Bacteria; p__Firmicutes; c__Negativicutes; o__Acidaminococcales; f__Acidaminococcaceae; g__Acidaminococcus; s__Acidaminococcus_intestini	46.0	86.0	36.0	60.0	82.0
k__Bacteria; p__Bacteroidetes; c__Bacteroidia; o__Bacteroidales; f__Bacteroidaceae; g__Bacteroides; s__Bacteroides_rodentium	46.0	29.0	48.0	42.0	25.0
k__Bacteria; p__Firmicutes; c__Clostridia; o__Eubacteriales; f__Oscillospiraceae; g__Marseillibacter; s__Marseillibacter_massiliensis	45.0	72.0	31.0	50.0	39.0
k__Bacteria; p__Firmicutes; c__Clostridia; o__Eubacteriales; f__Lachnospiraceae; g__Blautia; s__Blautia_caecimuris	45.0	23.0	6.0	32.0	33.0
k__Bacteria; p__Bacteroidetes; c__Bacteroidia; o__Bacteroidales; f__Rikenellaceae; g__Alistipes; s__Alistipes_finegoldii	44.0	54.0	32.0	36.0	35.0
k__Bacteria; p__Firmicutes; c__Clostridia; o__Eubacteriales; f__Oscillospiraceae; g__Ruthenibacterium; s__Ruthenibacterium_lactatiformans	43.0	39.0	67.0	42.0	71.0
k__Bacteria; p__Firmicutes; c__Clostridia; o__Eubacteriales; f__Clostridiaceae; g__Hungatella; s__Hungatella_hathewayi	42.0	29.0	46.0	6.0	28.0
k__Bacteria; p__Firmicutes; c__Clostridia; o__Eubacteriales; f__Lachnospiraceae; g__Blautia; s__Blautia_schinkii	41.0	83.0	63.0	89.0	89.0
k__Bacteria; p__Proteobacteria; c__Gammaproteobacteria; o__Pasteurellales; f__Pasteurellaceae; g__Conservatibacter; s__Conservatibacter_flavescens	39.0	68.0	21.0	44.0	19.0
k__Bacteria; p__Firmicutes; c__Clostridia; o__Eubacteriales; f__Lachnospiraceae; g__Coprococcus; s__Coprococcus_eutactus	39.0	191.0	50.0	132.0	47.0
k__Bacteria; p__Firmicutes; c__Clostridia; o__Eubacteriales; f__Oscillospiraceae; g__Oscillibacter; s__Oscillibacter_ruminantium	37.0	45.0	27.0	40.0	66.0
k__Bacteria; p__Firmicutes; c__Clostridia; o__Eubacteriales; f__Lachnospiraceae; g__Anaerotignum; s__Anaerotignum_lactatifermentans	37.0	44.0	35.0	27.0	37.0
k__Bacteria; p__Bacteroidetes; c__Bacteroidia; o__Bacteroidales; f__Prevotellaceae; g__Prevotella; s__Prevotella_stercorea	36.0	37.0	12.0	65.0	17.0
k__Bacteria; p__Firmicutes; c__Clostridia; o__Eubacteriales; f__Oscillospiraceae; g__Neglectibacter; s__Neglectibacter_timonensis	36.0	51.0	27.0	33.0	38.0
k__Bacteria; p__Firmicutes; c__Clostridia; o__Eubacteriales; f__Oscillospiraceae; g__Caproiciproducens; s__Caproiciproducens_galactitolivorans	36.0	45.0	31.0	16.0	31.0
k__Bacteria; p__Firmicutes; c__Clostridia; o__Eubacteriales; f__Lachnospiraceae; g__Anaerosporobacter; s__Anaerosporobacter_mobilis	35.0	6.0	0.0	27.0	8.0
k__Bacteria; p__Firmicutes; c__Clostridia; o__Eubacteriales; f__Oscillospiraceae; g__; s__[Eubacterium]_siraeum	34.0	46.0	44.0	40.0	48.0
k__Bacteria; p__Firmicutes; c__Clostridia; o__Eubacteriales; f__Lachnospiraceae; g__Coprococcus; s__Coprococcus_catus	32.0	53.0	35.0	40.0	47.0
k__Bacteria; p__Firmicutes; c__Clostridia; o__Eubacteriales; f__Lachnospiraceae; g__Roseburia; s__Roseburia_hominis	32.0	34.0	33.0	25.0	14.0
k__Bacteria; p__Firmicutes; c__Negativicutes; o__Veillonellales; f__Veillonellaceae; g__Dialister; s__Dialister_invisus	32.0	42.0	44.0	30.0	18.0
k__Bacteria; p__Firmicutes; c__Clostridia; o__Eubacteriales; f__Lachnospiraceae; g__Anaerotignum; s__Anaerotignum_faecicola	31.0	18.0	16.0	36.0	27.0
k__Bacteria; p__Firmicutes; c__Clostridia; o__Eubacteriales; f__Oscillospiraceae; g__Ruminococcus; s__Ruminococcus_champanellensis	31.0	17.0	35.0	33.0	39.0
k__Bacteria; p__Firmicutes; c__Clostridia; o__Eubacteriales; f__Eubacteriales_Family_XIII._Incertae_Sedis; g__Ihubacter; s__Ihubacter_massiliensis	31.0	20.0	44.0	35.0	35.0
k__Bacteria; p__Firmicutes; c__Clostridia; o__Eubacteriales; f__Oscillospiraceae; g__Ruminococcus; s__Ruminococcus_callidus	30.0	54.0	31.0	32.0	24.0
k__Bacteria; p__Firmicutes; c__Clostridia; o__Eubacteriales; f__Lachnospiraceae; g__Mediterraneibacter; s__Mediterraneibacter_faecis	30.0	56.0	45.0	44.0	31.0
k__Bacteria; p__Bacteroidetes; c__Bacteroidia; o__Bacteroidales; f__Rikenellaceae; g__Alistipes; s__Alistipes_communis	29.0	40.0	27.0	31.0	29.0
k__Bacteria; p__Firmicutes; c__Clostridia; o__Eubacteriales; f__Lachnospiraceae; g__Lachnoclostridium; s__[Clostridium]_symbiosum	28.0	37.0	69.0	20.0	41.0
k__Bacteria; p__Bacteroidetes; c__Bacteroidia; o__Bacteroidales; f__Porphyromonadaceae; g__Porphyromonas; s__Porphyromonas_bennonis	28.0	10.0	0.0	19.0	4.0
k__Bacteria; p__Firmicutes; c__Erysipelotrichia; o__Erysipelotrichales; f__Erysipelotrichaceae; g__Erysipelatoclostridium; s__[Clostridium]_innocuum	27.0	39.0	65.0	34.0	37.0
k__Bacteria; p__Bacteroidetes; c__Bacteroidia; o__Bacteroidales; f__Odoribacteraceae; g__Odoribacter; s__Odoribacter_splanchnicus	27.0	46.0	30.0	26.0	28.0
k__Bacteria; p__Firmicutes; c__Clostridia; o__Eubacteriales; f__Lachnospiraceae; g__[Ruminococcus]_torques_group; s__Ruminococcus_lactaris	26.0	22.0	25.0	43.0	30.0
k__Bacteria; p__Bacteroidetes; c__Bacteroidia; o__Bacteroidales; f__Rikenellaceae; g__Alistipes; s__Alistipes_putredinis	26.0	26.0	63.0	14.0	26.0
k__Bacteria; p__Firmicutes; c__Erysipelotrichia; o__Erysipelotrichales; f__Erysipelotrichaceae; g__Holdemanella; s__Holdemanella_biformis	26.0	0.0	9.0	234.0	44.0
k__Bacteria; p__Bacteroidetes; c__Bacteroidia; o__Bacteroidales; f__Rikenellaceae; g__Alistipes; s__Alistipes_shahii	25.0	31.0	36.0	32.0	24.0
k__Bacteria; p__Firmicutes; c__Clostridia; o__Eubacteriales; f__Lachnospiraceae; g__Frisingicoccus; s__Frisingicoccus_caecimuris	25.0	0.0	9.0	22.0	13.0
k__Bacteria; p__Firmicutes; c__Clostridia; o__Eubacteriales; f__Eubacteriaceae; g__Eubacterium; s__Eubacterium_ramulus	25.0	25.0	15.0	32.0	38.0
k__Bacteria; p__Firmicutes; c__Clostridia; o__Eubacteriales; f__; g__Fenollaria; s__Fenollaria_massiliensis	24.0	6.0	0.0	35.0	6.0
k__Bacteria; p__Bacteroidetes; c__Bacteroidia; o__Bacteroidales; f__Bacteroidaceae; g__Phocaeicola; s__Phocaeicola_plebeius	24.0	75.0	52.0	54.0	59.0
k__Bacteria; p__Bacteroidetes; c__Bacteroidia; o__Bacteroidales; f__Bacteroidaceae; g__Bacteroides; s__Bacteroides_eggerthii	24.0	10.0	7.0	24.0	34.0
k__Bacteria; p__Firmicutes; c__Erysipelotrichia; o__Erysipelotrichales; f__Coprobacillaceae; g__Coprobacillus; s__Coprobacillus_cateniformis	23.0	7.0	18.0	9.0	10.0
k__Bacteria; p__Firmicutes; c__Clostridia; o__Eubacteriales; f__; g__Lawsonibacter; s__Lawsonibacter_asaccharolyticus	22.0	28.0	33.0	23.0	29.0
k__Bacteria; p__Firmicutes; c__Tissierellia; o__Tissierellales; f__Peptoniphilaceae; g__Finegoldia; s__Finegoldia_magna	22.0	11.0	7.0	41.0	11.0
k__Bacteria; p__Bacteroidetes; c__Bacteroidia; o__Bacteroidales; f__Prevotellaceae; g__Prevotella; s__Prevotella_rara	20.0	19.0	6.0	6.0	6.0
k__Bacteria; p__Firmicutes; c__Clostridia; o__Eubacteriales; f__Oscillospiraceae; g__Papillibacter; s__Papillibacter_cinnamivorans	20.0	11.0	5.0	14.0	6.0
k__Bacteria; p__Bacteroidetes; c__Bacteroidia; o__Bacteroidales; f__Rikenellaceae; g__Alistipes; s__Alistipes_ihumii	20.0	8.0	26.0	20.0	22.0
k__Bacteria; p__Bacteroidetes; c__Bacteroidia; o__Bacteroidales; f__Odoribacteraceae; g__Butyricimonas; s__Butyricimonas_faecihominis	20.0	4.0	6.0	10.0	10.0
k__Bacteria; p__Bacteroidetes; c__Bacteroidia; o__Bacteroidales; f__Prevotellaceae; g__Massiliprevotella; s__Massiliprevotella_massiliensis	20.0	0.0	0.0	15.0	13.0
k__Bacteria; p__Firmicutes; c__Negativicutes; o__Veillonellales; f__Veillonellaceae; g__Dialister; s__Dialister_succinatiphilus	19.0	0.0	7.0	21.0	36.0
k__Bacteria; p__Bacteroidetes; c__Bacteroidia; o__Bacteroidales; f__Bacteroidaceae; g__Phocaeicola; s__Phocaeicola_coprocola	18.0	19.0	45.0	19.0	6.0
k__Bacteria; p__Proteobacteria; c__Epsilonproteobacteria; o__Campylobacterales; f__Campylobacteraceae; g__Campylobacter; s__Campylobacter_hominis	17.0	6.0	6.0	82.0	0.0
k__Bacteria; p__Actinobacteria; c__Actinomycetia; o__Bifidobacteriales; f__Bifidobacteriaceae; g__Bifidobacterium; s__Bifidobacterium_dentium	17.0	13.0	10.0	3.0	135.0
k__Bacteria; p__Firmicutes; c__Clostridia; o__Eubacteriales; f__Lachnospiraceae; g__Tyzzerella; s__[Clostridium]_colinum	17.0	5.0	8.0	0.0	0.0
k__Bacteria; p__Firmicutes; c__Negativicutes; o__Veillonellales; f__Veillonellaceae; g__Dialister; s__Dialister_propionicifaciens	17.0	6.0	0.0	29.0	5.0
k__Bacteria; p__Firmicutes; c__Tissierellia; o__Tissierellales; f__Peptoniphilaceae; g__Peptoniphilus; s__Peptoniphilus_urinimassiliensis	16.0	4.0	0.0	18.0	4.0
k__Bacteria; p__Bacteroidetes; c__Bacteroidia; o__Bacteroidales; f__Bacteroidaceae; g__Phocaeicola; s__Phocaeicola_massiliensis	16.0	24.0	145.0	10.0	13.0
k__Bacteria; p__Firmicutes; c__Tissierellia; o__Tissierellales; f__Peptoniphilaceae; g__Anaerococcus; s__Anaerococcus_vaginalis	16.0	11.0	0.0	167.0	8.0
k__Bacteria; p__Bacteroidetes; c__Bacteroidia; o__Bacteroidales; f__Bacteroidaceae; g__Phocaeicola; s__Phocaeicola_coprophilus	15.0	0.0	0.0	0.0	0.0
k__Bacteria; p__Firmicutes; c__Negativicutes; o__Acidaminococcales; f__Acidaminococcaceae; g__Acidaminococcus; s__Acidaminococcus_fermentans	15.0	0.0	0.0	0.0	4.0
k__Bacteria; p__Bacteroidetes; c__Bacteroidia; o__Bacteroidales; f__Bacteroidaceae; g__Bacteroides; s__Bacteroides_finegoldii	15.0	9.0	4.0	0.0	10.0
k__Bacteria; p__Bacteroidetes; c__Bacteroidia; o__Bacteroidales; f__Rikenellaceae; g__Alistipes; s__Alistipes_inops	15.0	23.0	39.0	27.0	22.0
k__Bacteria; p__Proteobacteria; c__Betaproteobacteria; o__Burkholderiales; f__Sutterellaceae; g__Duodenibacillus; s__Duodenibacillus_massiliensis	15.0	7.0	17.0	6.0	18.0
k__Bacteria; p__Firmicutes; c__Clostridia; o__Eubacteriales; f__Lachnospiraceae; g__Dorea; s__Dorea_longicatena	14.0	14.0	17.0	28.0	0.0
k__Bacteria; p__Bacteroidetes; c__Bacteroidia; o__Bacteroidales; f__Tannerellaceae; g__Parabacteroides; s__Parabacteroides_goldsteinii	14.0	24.0	189.0	6.0	9.0
k__Bacteria; p__Firmicutes; c__Negativicutes; o__Acidaminococcales; f__Acidaminococcaceae; g__Succiniclasticum; s__Succiniclasticum_ruminis	14.0	0.0	0.0	6.0	0.0
k__Bacteria; p__Firmicutes; c__Erysipelotrichia; o__Erysipelotrichales; f__Erysipelotrichaceae; g__Longicatena; s__Longicatena_caecimuris	14.0	32.0	12.0	13.0	19.0
k__Bacteria; p__Firmicutes; c__Clostridia; o__Eubacteriales; f__Peptococcaceae; g__Peptococcus; s__Peptococcus_niger	14.0	0.0	0.0	10.0	0.0
k__Bacteria; p__Firmicutes; c__Erysipelotrichia; o__Erysipelotrichales; f__Erysipelotrichaceae; g__Dielma; s__Dielma_fastidiosa	13.0	3.0	0.0	4.0	20.0
k__Bacteria; p__Bacteroidetes; c__Bacteroidia; o__Bacteroidales; f__Prevotellaceae; g__Prevotella; s__Prevotella_timonensis	13.0	10.0	0.0	48.0	5.0
k__Bacteria; p__Bacteroidetes; c__Bacteroidia; o__Bacteroidales; f__Porphyromonadaceae; g__Porphyromonas; s__Porphyromonas_asaccharolytica	13.0	6.0	0.0	21.0	14.0
k__Bacteria; p__Firmicutes; c__Clostridia; o__Eubacteriales; f__; g__Howardella; s__Howardella_ureilytica	13.0	0.0	0.0	12.0	25.0
k__Bacteria; p__Firmicutes; c__Clostridia; o__Eubacteriales; f__Clostridiaceae; g__Butyricicoccus; s__Butyricicoccus_pullicaecorum	13.0	4.0	0.0	6.0	11.0
k__Bacteria; p__Firmicutes; c__Tissierellia; o__Tissierellales; f__Peptoniphilaceae; g__Peptoniphilus; s__Peptoniphilus_lacrimalis	13.0	7.0	0.0	20.0	6.0
k__Bacteria; p__Firmicutes; c__Clostridia; o__Eubacteriales; f__Eubacteriaceae; g__Eubacterium; s__Eubacterium_ruminantium	13.0	40.0	8.0	28.0	9.0
k__Bacteria; p__Firmicutes; c__Tissierellia; o__Tissierellales; f__Peptoniphilaceae; g__Anaerococcus; s__Anaerococcus_prevotii	12.0	0.0	0.0	9.0	0.0
k__Bacteria; p__Proteobacteria; c__Deltaproteobacteria; o__Desulfovibrionales; f__Desulfovibrionaceae; g__Desulfovibrio; s__Desulfovibrio_piger	12.0	6.0	10.0	14.0	28.0
k__Bacteria; p__Lentisphaerae; c__Lentisphaeria; o__Victivallales; f__Victivallaceae; g__Victivallis; s__Victivallis_vadensis	12.0	8.0	12.0	5.0	16.0
k__Bacteria; p__Firmicutes; c__Bacilli; o__Lactobacillales; f__Lactobacillaceae; g__Lacticaseibacillus; s__Lacticaseibacillus_chiayiensis	12.0	0.0	0.0	6.0	0.0
k__Bacteria; p__Firmicutes; c__Erysipelotrichia; o__Erysipelotrichales; f__Erysipelotrichaceae; g__Holdemania; s__Holdemania_massiliensis	12.0	10.0	4.0	4.0	0.0
k__Bacteria; p__Firmicutes; c__Clostridia; o__Eubacteriales; f__Lachnospiraceae; g__Eisenbergiella; s__Eisenbergiella_tayi	11.0	20.0	19.0	6.0	14.0
k__Bacteria; p__Bacteroidetes; c__Bacteroidia; o__Bacteroidales; f__Muribaculaceae; g__Muribaculum; s__Muribaculum_intestinale	11.0	0.0	0.0	0.0	0.0
k__Bacteria; p__Bacteroidetes; c__Bacteroidia; o__Bacteroidales; f__Odoribacteraceae; g__Butyricimonas; s__Butyricimonas_virosa	11.0	4.0	17.0	9.0	4.0
k__Bacteria; p__Firmicutes; c__Clostridia; o__Eubacteriales; f__Oscillospiraceae; g__Fournierella; s__Fournierella_massiliensis	11.0	8.0	33.0	16.0	22.0
k__Bacteria; p__Firmicutes; c__Negativicutes; o__Selenomonadales; f__Selenomonadaceae; g__Megamonas; s__Megamonas_funiformis	11.0	16.0	0.0	7.0	6.0
k__Bacteria; p__Fusobacteria; c__Fusobacteriia; o__Fusobacteriales; f__Fusobacteriaceae; g__Fusobacterium; s__Fusobacterium_necrophorum	11.0	0.0	0.0	5.0	0.0
k__Bacteria; p__Firmicutes; c__Clostridia; o__Eubacteriales; f__Lachnospiraceae; g__Sellimonas; s__Sellimonas_intestinalis	11.0	29.0	30.0	48.0	44.0
k__Bacteria; p__Proteobacteria; c__Gammaproteobacteria; o__Enterobacterales; f__Morganellaceae; g__Morganella; s__Morganella_morganii	11.0	0.0	0.0	0.0	7.0
k__Bacteria; p__Firmicutes; c__; o__; f__; g__Negativibacillus; s__Negativibacillus_massiliensis	10.0	32.0	27.0	15.0	35.0
k__Bacteria; p__Bacteroidetes; c__Bacteroidia; o__Bacteroidales; f__Bacteroidaceae; g__Bacteroides; s__Bacteroides_salyersiae	10.0	18.0	15.0	19.0	15.0
k__Bacteria; p__Bacteroidetes; c__Bacteroidia; o__Bacteroidales; f__Prevotellaceae; g__Prevotella; s__Prevotella_colorans	10.0	7.0	0.0	5.0	0.0
k__Bacteria; p__Firmicutes; c__Clostridia; o__Eubacteriales; f__Lachnospiraceae; g__Blautia; s__Blautia_hydrogenotrophica	10.0	0.0	10.0	0.0	0.0
k__Bacteria; p__Synergistetes; c__Synergistia; o__Synergistales; f__Synergistaceae; g__Pyramidobacter; s__Pyramidobacter_piscolens	10.0	4.0	0.0	9.0	0.0
k__Bacteria; p__Bacteroidetes; c__Bacteroidia; o__Bacteroidales; f__Prevotellaceae; g__Prevotellamassilia; s__Prevotellamassilia_timonensis	10.0	25.0	6.0	40.0	12.0
k__Bacteria; p__Bacteroidetes; c__Bacteroidia; o__Bacteroidales; f__Rikenellaceae; g__Alistipes; s__Alistipes_indistinctus	10.0	0.0	4.0	4.0	7.0
k__Bacteria; p__Firmicutes; c__Negativicutes; o__Veillonellales; f__Veillonellaceae; g__Veillonella; s__Veillonella_infantium	10.0	22.0	36.0	30.0	6.0
k__Bacteria; p__Firmicutes; c__Erysipelotrichia; o__Erysipelotrichales; f__Turicibacteraceae; g__Turicibacter; s__Turicibacter_sanguinis	9.0	11.0	7.0	10.0	0.0
k__Bacteria; p__Bacteroidetes; c__Bacteroidia; o__Bacteroidales; f__Barnesiellaceae; g__Coprobacter; s__Coprobacter_fastidiosus	9.0	7.0	17.0	14.0	18.0
k__Bacteria; p__Firmicutes; c__Clostridia; o__Eubacteriales; f__Eubacteriales_Family_XIII._Incertae_Sedis; g__Alterileibacterium; s__Alterileibacterium_massiliense	9.0	0.0	0.0	26.0	0.0
k__Bacteria; p__Proteobacteria; c__Epsilonproteobacteria; o__Campylobacterales; f__Campylobacteraceae; g__Campylobacter; s__Campylobacter_ureolyticus	9.0	5.0	0.0	8.0	0.0
k__Bacteria; p__Firmicutes; c__Clostridia; o__Eubacteriales; f__Lachnospiraceae; g__Blautia; s__Blautia_glucerasea	9.0	0.0	7.0	0.0	5.0
k__Bacteria; p__Synergistetes; c__Synergistia; o__Synergistales; f__Synergistaceae; g__Cloacibacillus; s__Cloacibacillus_porcorum	9.0	0.0	0.0	0.0	5.0
k__Bacteria; p__Firmicutes; c__Clostridia; o__Eubacteriales; f__; g__Intestinimonas; s__Intestinimonas_massiliensis	9.0	0.0	16.0	0.0	0.0
k__Bacteria; p__Firmicutes; c__Clostridia; o__Eubacteriales; f__Clostridiaceae; g__Clostridium; s__Clostridium_paraputrificum	9.0	0.0	12.0	6.0	0.0
k__Bacteria; p__Firmicutes; c__Tissierellia; o__Tissierellales; f__Peptoniphilaceae; g__Murdochiella; s__Murdochiella_asaccharolytica	8.0	4.0	0.0	12.0	6.0
k__Bacteria; p__Firmicutes; c__Erysipelotrichia; o__Erysipelotrichales; f__Erysipelotrichaceae; g__Holdemania; s__Holdemania_filiformis	8.0	0.0	6.0	7.0	5.0
k__Archaea; p__Euryarchaeota; c__Methanobacteria; o__Methanobacteriales; f__Methanobacteriaceae; g__Methanobrevibacter; s__Methanobrevibacter_smithii	8.0	7.0	13.0	16.0	9.0
k__Bacteria; p__Firmicutes; c__Erysipelotrichia; o__Erysipelotrichales; f__Erysipelotrichaceae; g__Erysipelatoclostridium; s__[Clostridium]_spiroforme	8.0	20.0	14.0	14.0	18.0
k__Bacteria; p__Firmicutes; c__Erysipelotrichia; o__Erysipelotrichales; f__Erysipelotrichaceae; g__[Eubacterium]; s__[Eubacterium]_biforme	8.0	20.0	14.0	25.0	147.0
k__Bacteria; p__Firmicutes; c__Negativicutes; o__Selenomonadales; f__Selenomonadaceae; g__Mitsuokella; s__Mitsuokella_jalaludinii	8.0	0.0	0.0	0.0	0.0
k__Bacteria; p__Proteobacteria; c__Deltaproteobacteria; o__Desulfovibrionales; f__Desulfovibrionaceae; g__Desulfovibrio; s__Desulfovibrio_D168	8.0	44.0	0.0	8.0	18.0
k__Bacteria; p__Fusobacteria; c__Fusobacteriia; o__Fusobacteriales; f__Fusobacteriaceae; g__Fusobacterium; s__Fusobacterium_gonidiaformans	7.0	0.0	0.0	0.0	0.0
k__Bacteria; p__Actinobacteria; c__Actinomycetia; o__Actinomycetales; f__Actinomycetaceae; g__Mobiluncus; s__Mobiluncus_curtisii	7.0	0.0	0.0	6.0	0.0
k__Bacteria; p__Firmicutes; c__Clostridia; o__Eubacteriales; f__Clostridiaceae; g__Clostridium; s__Clostridium_tarantellae	7.0	13.0	10.0	4.0	0.0
k__Bacteria; p__Bacteroidetes; c__Bacteroidia; o__Bacteroidales; f__Odoribacteraceae; g__Odoribacter; s__Odoribacter_laneus	7.0	0.0	20.0	5.0	0.0
k__Bacteria; p__Actinobacteria; c__Coriobacteriia; o__Coriobacteriales; f__Coriobacteriaceae; g__Collinsella; s__Collinsella_aerofaciens	7.0	3.0	6.0	0.0	8.0
k__Bacteria; p__Bacteroidetes; c__Bacteroidia; o__Bacteroidales; f__Bacteroidaceae; g__Bacteroides; s__Bacteroides_clarus	7.0	14.0	6.0	16.0	9.0
k__Bacteria; p__Actinobacteria; c__Coriobacteriia; o__Eggerthellales; f__Eggerthellaceae; g__Slackia; s__Slackia_isoflavoniconvertens	7.0	0.0	0.0	4.0	7.0
k__Bacteria; p__Firmicutes; c__Clostridia; o__Eubacteriales; f__Lachnospiraceae; g__Blautia; s__Blautia_producta	6.0	6.0	0.0	0.0	14.0
k__Bacteria; p__Firmicutes; c__Clostridia; o__Eubacteriales; f__Eubacteriales_Family_XIII._Incertae_Sedis; g__Bacilliculturomica; s__Bacilliculturomica_massiliensis	6.0	0.0	0.0	0.0	0.0
k__Bacteria; p__Actinobacteria; c__Actinomycetia; o__Actinomycetales; f__Actinomycetaceae; g__Schaalia; s__Schaalia_odontolytica	6.0	0.0	3.0	0.0	4.0
k__Bacteria; p__Firmicutes; c__Clostridia; o__Eubacteriales; f__Eubacteriaceae; g__Eubacterium; s__Eubacterium_limosum	6.0	0.0	0.0	0.0	0.0
k__Bacteria; p__Firmicutes; c__Tissierellia; o__Tissierellales; f__Peptoniphilaceae; g__Peptoniphilus; s__Peptoniphilus_obesi	6.0	0.0	0.0	6.0	0.0
k__Bacteria; p__Firmicutes; c__Negativicutes; o__Veillonellales; f__Veillonellaceae; g__Dialister; s__Dialister_pneumosintes	6.0	10.0	0.0	8.0	0.0
k__Bacteria; p__Firmicutes; c__Clostridia; o__Eubacteriales; f__Peptostreptococcaceae; g__Peptostreptococcus; s__Peptostreptococcus_anaerobius	6.0	0.0	0.0	6.0	4.0
k__Bacteria; p__Firmicutes; c__Clostridia; o__Eubacteriales; f__Lachnospiraceae; g__Lachnoclostridium; s__[Clostridium]_citroniae	6.0	0.0	0.0	0.0	0.0
k__Bacteria; p__Bacteroidetes; c__Bacteroidia; o__Bacteroidales; f__Porphyromonadaceae; g__Porphyromonas; s__Porphyromonas_uenonis	6.0	0.0	0.0	0.0	0.0
k__Bacteria; p__Actinobacteria; c__Coriobacteriia; o__Coriobacteriales; f__Coriobacteriaceae; g__Senegalimassilia; s__Senegalimassilia_anaerobia	6.0	0.0	0.0	0.0	0.0
k__Bacteria; p__Bacteroidetes; c__Bacteroidia; o__Bacteroidales; f__Tannerellaceae; g__Parabacteroides; s__Parabacteroides_johnsonii	6.0	21.0	24.0	13.0	17.0
k__Bacteria; p__Bacteroidetes; c__Bacteroidia; o__Bacteroidales; f__Prevotellaceae; g__Alloprevotella; s__Alloprevotella_rava	6.0	0.0	0.0	4.0	0.0
k__Bacteria; p__Firmicutes; c__Erysipelotrichia; o__Erysipelotrichales; f__Erysipelotrichaceae; g__Bulleidia; s__Bulleidia_p-1630-c5	6.0	0.0	0.0	0.0	0.0
k__Bacteria; p__Firmicutes; c__Clostridia; o__Eubacteriales; f__Lachnospiraceae; g__Faecalimonas; s__Faecalimonas_umbilicata	6.0	18.0	28.0	13.0	18.0
k__Bacteria; p__Actinobacteria; c__Actinomycetia; o__Corynebacteriales; f__Lawsonellaceae; g__Lawsonella; s__Lawsonella_clevelandensis	5.0	0.0	0.0	10.0	0.0
k__Bacteria; p__Firmicutes; c__Negativicutes; o__Veillonellales; f__Veillonellaceae; g__Allisonella; s__Allisonella_histaminiformans	5.0	3.0	4.0	3.0	6.0
k__Bacteria; p__Firmicutes; c__Clostridia; o__Eubacteriales; f__Peptostreptococcaceae; g__Romboutsia; s__Romboutsia_timonensis	5.0	0.0	0.0	0.0	0.0
k__Bacteria; p__Actinobacteria; c__Coriobacteriia; o__Eggerthellales; f__Eggerthellaceae; g__Raoultibacter; s__Raoultibacter_massiliensis	5.0	0.0	0.0	0.0	4.0
k__Bacteria; p__Firmicutes; c__Clostridia; o__Eubacteriales; f__Oscillospiraceae; g__Ethanoligenens; s__Ethanoligenens_harbinense	5.0	4.0	0.0	5.0	4.0
k__Bacteria; p__Firmicutes; c__Clostridia; o__Eubacteriales; f__Lachnospiraceae; g__Anaerotignum; s__Anaerotignum_aminivorans	5.0	4.0	12.0	0.0	6.0
k__Bacteria; p__Proteobacteria; c__Alphaproteobacteria; o__Rhodospirillales; f__Kiloniellaceae; g__Aestuariispira; s__Aestuariispira_insulae	5.0	27.0	0.0	11.0	0.0
k__Bacteria; p__Fusobacteria; c__Fusobacteriia; o__Fusobacteriales; f__Fusobacteriaceae; g__Fusobacterium; s__Fusobacterium_ulcerans	5.0	0.0	0.0	0.0	0.0
k__Bacteria; p__Firmicutes; c__Clostridia; o__Eubacteriales; f__Lachnospiraceae; g__Eisenbergiella; s__Eisenbergiella_massiliensis	5.0	0.0	0.0	0.0	12.0
k__Bacteria; p__Firmicutes; c__Negativicutes; o__Acidaminococcales; f__Acidaminococcaceae; g__Phascolarctobacterium; s__Phascolarctobacterium_succinatutens	5.0	0.0	0.0	8.0	5.0
k__Bacteria; p__Firmicutes; c__Negativicutes; o__Veillonellales; f__Veillonellaceae; g__Veillonella; s__Veillonella_denticariosi	5.0	6.0	9.0	10.0	0.0
k__Bacteria; p__Firmicutes; c__Clostridia; o__Eubacteriales; f__Lachnospiraceae; g__Faecalicatena; s__Faecalicatena_contorta	5.0	0.0	0.0	0.0	0.0
k__Bacteria; p__Firmicutes; c__Tissierellia; o__Tissierellales; f__Peptoniphilaceae; g__Parvimonas; s__Parvimonas_micra	5.0	0.0	0.0	0.0	0.0
k__Bacteria; p__Proteobacteria; c__Deltaproteobacteria; o__Desulfovibrionales; f__Desulfovibrionaceae; g__Mailhella; s__Mailhella_massiliensis	5.0	0.0	0.0	0.0	0.0
k__Bacteria; p__Proteobacteria; c__Epsilonproteobacteria; o__Campylobacterales; f__Campylobacteraceae; g__Campylobacter; s__Campylobacter_concisus	5.0	0.0	0.0	3.0	0.0
k__Bacteria; p__Firmicutes; c__Clostridia; o__Eubacteriales; f__Oscillospiraceae; g__Hydrogeniiclostridium; s__Hydrogeniiclostridium_mannosilyticum	5.0	0.0	6.0	3.0	0.0
k__Bacteria; p__Bacteroidetes; c__Bacteroidia; o__Bacteroidales; f__Bacteroidaceae; g__Bacteroides; s__Bacteroides_intestinalis	5.0	14.0	13.0	4.0	6.0
k__Bacteria; p__Firmicutes; c__Clostridia; o__Eubacteriales; f__; g__Colidextribacter; s__Colidextribacter_massiliensis	4.0	6.0	6.0	5.0	0.0
k__Bacteria; p__Bacteroidetes; c__Bacteroidia; o__Bacteroidales; f__Prevotellaceae; g__Paraprevotella; s__Paraprevotella_xylaniphila	4.0	0.0	0.0	0.0	5.0
k__Bacteria; p__Firmicutes; c__Clostridia; o__Eubacteriales; f__Oscillospiraceae; g__Petroclostridium; s__Petroclostridium_xylanilyticum	4.0	0.0	0.0	4.0	4.0
k__Bacteria; p__Bacteroidetes; c__Bacteroidia; o__Bacteroidales; f__Porphyromonadaceae; g__Porphyromonas; s__Porphyromonas_somerae	4.0	0.0	0.0	4.0	0.0
k__Bacteria; p__Firmicutes; c__Clostridia; o__Eubacteriales; f__Oscillospiraceae; g__Anaeromassilibacillus; s__Anaeromassilibacillus_senegalensis	4.0	29.0	18.0	6.0	23.0
k__Bacteria; p__Bacteroidetes; c__Bacteroidia; o__Bacteroidales; f__Prevotellaceae; g__Metaprevotella; s__Metaprevotella_massiliensis	4.0	0.0	0.0	7.0	0.0
k__Bacteria; p__Firmicutes; c__Bacilli; o__Lactobacillales; f__Lactobacillaceae; g__Lactobacillus; s__Lactobacillus_equicursoris	4.0	0.0	0.0	0.0	0.0
k__Bacteria; p__Firmicutes; c__Erysipelotrichia; o__Erysipelotrichales; f__Erysipelotrichaceae; g__Longibaculum; s__Longibaculum_muris	4.0	0.0	0.0	0.0	0.0
k__Bacteria; p__Firmicutes; c__Erysipelotrichia; o__Erysipelotrichales; f__Erysipelotrichaceae; g__Faecalitalea; s__Faecalitalea_cylindroides	4.0	0.0	0.0	7.0	0.0
k__Bacteria; p__Firmicutes; c__Clostridia; o__Eubacteriales; f__Clostridiaceae; g__Sarcina; s__Sarcina_ventriculi	4.0	0.0	0.0	0.0	0.0
k__Bacteria; p__Firmicutes; c__Clostridia; o__Eubacteriales; f__Lachnospiraceae; g__Merdimonas; s__Merdimonas_faecis	4.0	12.0	8.0	20.0	0.0
k__Bacteria; p__Firmicutes; c__Clostridia; o__Eubacteriales; f__Clostridiaceae; g__Clostridium; s__Clostridium_aminobutyricum	4.0	4.0	4.0	0.0	0.0
k__Bacteria; p__Actinobacteria; c__Coriobacteriia; o__Eggerthellales; f__Eggerthellaceae; g__Raoultibacter; s__Raoultibacter_timonensis	3.0	0.0	0.0	7.0	8.0
k__Bacteria; p__Firmicutes; c__Bacilli; o__RF39; f__RF39; g__RF39; s__anaerobic_digester	0.0	48.0	26.0	10.0	31.0
k__Bacteria; p__Firmicutes; c__Erysipelotrichia; o__Erysipelotrichales; f__Coprobacillaceae; g__Catenibacterium; s__Catenibacterium_mitsuokai	0.0	40.0	16.0	7.0	5.0
k__Bacteria; p__Firmicutes; c__Clostridia; o__Eubacteriales; f__Lachnospiraceae; g__Cuneatibacter; s__Cuneatibacter_caecimuris	0.0	20.0	12.0	7.0	7.0
k__Bacteria; p__Firmicutes; c__Erysipelotrichia; o__Erysipelotrichales; f__Erysipelotrichaceae; g__Erysipelatoclostridium; s__[Clostridium]_saccharogumia	0.0	18.0	0.0	0.0	0.0
k__Bacteria; p__Proteobacteria; c__Betaproteobacteria; o__Burkholderiales; f__Sutterellaceae; g__Sutterella; s__Sutterella_wadsworthensis	0.0	17.0	19.0	16.0	30.0
k__Bacteria; p__Firmicutes; c__Bacilli; o__Lactobacillales; f__Lactobacillaceae; g__Limosilactobacillus; s__Limosilactobacillus_mucosae	0.0	16.0	24.0	0.0	0.0
k__Bacteria; p__Tenericutes; c__Mollicutes; o__Acholeplasmatales; f__Acholeplasmataceae; g__Alteracholeplasma; s__Alteracholeplasma_parvum	0.0	13.0	0.0	0.0	0.0
k__Bacteria; p__Firmicutes; c__Bacilli; o__RF39; f__RF39; g__RF39; s__Firmicutes_oral	0.0	13.0	10.0	0.0	7.0
k__Bacteria; p__Firmicutes; c__Clostridia; o__Eubacteriales; f__Oscillospiraceae; g__Subdoligranulum; s__Subdoligranulum_variabile	0.0	11.0	0.0	7.0	9.0
k__Bacteria; p__Actinobacteria; c__Actinomycetia; o__Bifidobacteriales; f__Bifidobacteriaceae; g__Bifidobacterium; s__Bifidobacterium_bifidum	0.0	11.0	6.0	3.0	12.0
k__Bacteria; p__Firmicutes; c__Bacilli; o__Lactobacillales; f__Lactobacillaceae; g__Lactobacillus; s__Lactobacillus_gasseri	0.0	11.0	0.0	0.0	0.0
k__Bacteria; p__Bacteroidetes; c__Bacteroidia; o__Bacteroidales; f__Prevotellaceae; g__Prevotella; s__Prevotella_bivia	0.0	11.0	4.0	75.0	9.0
k__Bacteria; p__Bacteroidetes; c__Bacteroidia; o__Bacteroidales; f__Tannerellaceae; g__Parabacteroides; s__Parabacteroides_chongii	0.0	9.0	3.0	0.0	0.0
k__Bacteria; p__Firmicutes; c__Clostridia; o__Eubacteriales; f__Lachnospiraceae; g__Lachnoclostridium; s__Lachnoclostridium_phocaeense	0.0	8.0	0.0	0.0	10.0
k__Bacteria; p__Bacteroidetes; c__Bacteroidia; o__Bacteroidales; f__Tannerellaceae; g__Parabacteroides; s__Parabacteroides_gordonii	0.0	8.0	0.0	7.0	6.0
k__Bacteria; p__Firmicutes; c__Clostridia; o__Eubacteriales; f__Lachnospiraceae; g__Blautia; s__Blautia_coccoides	0.0	8.0	0.0	0.0	0.0
k__Bacteria; p__Bacteroidetes; c__Bacteroidia; o__Bacteroidales; f__Rikenellaceae; g__Rikenellaceae_RC9_gut_group; s__Bacteroidales_oral	0.0	7.0	0.0	8.0	0.0
k__Bacteria; p__Firmicutes; c__Erysipelotrichia; o__Erysipelotrichales; f__Erysipelotrichaceae; g__Massilimicrobiota; s__Massilimicrobiota_timonensis	0.0	7.0	10.0	8.0	4.0
k__Bacteria; p__Firmicutes; c__Negativicutes; o__Veillonellales; f__Veillonellaceae; g__Megasphaera; s__Megasphaera_micronuciformis	0.0	7.0	6.0	6.0	0.0
k__Bacteria; p__Actinobacteria; c__Actinomycetia; o__Bifidobacteriales; f__Bifidobacteriaceae; g__Alloscardovia; s__Alloscardovia_omnicolens	0.0	6.0	4.0	6.0	0.0
k__Bacteria; p__Firmicutes; c__Clostridia; o__Eubacteriales; f__Clostridiaceae; g__Butyricicoccus; s__Butyricicoccus_porcorum	0.0	6.0	0.0	0.0	10.0
k__Bacteria; p__Bacteroidetes; c__Bacteroidia; o__Bacteroidales; f__Barnesiellaceae; g__Coprobacter; s__Coprobacter_secundus	0.0	5.0	6.0	3.0	13.0
k__Bacteria; p__Firmicutes; c__Clostridia; o__Eubacteriales; f__Oscillospiraceae; g__Pseudoflavonifractor; s__Pseudoflavonifractor_capillosus	0.0	5.0	5.0	8.0	0.0
k__Bacteria; p__Firmicutes; c__Clostridia; o__Eubacteriales; f__Oscillospiraceae; g__Fastidiosipila; s__Fastidiosipila_sanguinis	0.0	5.0	0.0	0.0	0.0
k__Bacteria; p__Firmicutes; c__Clostridia; o__Eubacteriales; f__Peptostreptococcaceae; g__Filifactor; s__Filifactor_villosus	0.0	5.0	0.0	7.0	0.0
k__Bacteria; p__Firmicutes; c__Tissierellia; o__Tissierellales; f__Peptoniphilaceae; g__Peptoniphilus; s__Peptoniphilus_duerdenii	0.0	4.0	0.0	0.0	6.0
k__Bacteria; p__Firmicutes; c__Clostridia; o__Eubacteriales; f__Lachnospiraceae; g__Dorea; s__human_intestinal	0.0	4.0	0.0	0.0	0.0
k__Bacteria; p__Firmicutes; c__Clostridia; o__Eubacteriales; f__Peptococcaceae; g__Peptococcus; s__Peptococcus_simiae	0.0	4.0	0.0	0.0	0.0
k__Bacteria; p__Firmicutes; c__Negativicutes; o__Veillonellales; f__Veillonellaceae; g__Anaeroglobus; s__Anaeroglobus_geminatus	0.0	4.0	0.0	7.0	0.0
k__Bacteria; p__Firmicutes; c__Tissierellia; o__Tissierellales; f__Peptoniphilaceae; g__Peptoniphilus; s__Peptoniphilus_coxii	0.0	3.0	0.0	6.0	0.0
k__Bacteria; p__Firmicutes; c__Clostridia; o__Eubacteriales; f__Lachnospiraceae; g__Cellulosilyticum; s__Cellulosilyticum_ruminicola	0.0	3.0	0.0	0.0	0.0
k__Bacteria; p__Firmicutes; c__Erysipelotrichia; o__Erysipelotrichales; f__Erysipelotrichaceae; g__Faecalicoccus; s__Faecalicoccus_acidiformans	0.0	3.0	5.0	4.0	4.0
k__Bacteria; p__Bacteroidetes; c__Bacteroidia; o__Bacteroidales; f__Odoribacteraceae; g__Butyricimonas; s__Butyricimonas_paravirosa	0.0	3.0	13.0	0.0	6.0
k__Bacteria; p__Firmicutes; c__Clostridia; o__Eubacteriales; f__Oscillospiraceae; g__; s__[Clostridium]_methylpentosum	0.0	3.0	0.0	0.0	5.0
k__Bacteria; p__Firmicutes; c__Clostridia; o__Eubacteriales; f__Oscillospiraceae; g__Ruminococcus; s__Ruminococcus_flavefaciens	0.0	3.0	0.0	5.0	0.0
k__Bacteria; p__Firmicutes; c__Negativicutes; o__Veillonellales; f__Veillonellaceae; g__Megasphaera; s__Megasphaera_elsdenii	0.0	0.0	18.0	0.0	9.0
k__Bacteria; p__Proteobacteria; c__Betaproteobacteria; o__Burkholderiales; f__Sutterellaceae; g__Parasutterella; s__Parasutterella_secunda	0.0	0.0	13.0	0.0	11.0
k__Bacteria; p__Firmicutes; c__Clostridia; o__Eubacteriales; f__Lachnospiraceae; g__Caecibacterium; s__Caecibacterium_sporoformans	0.0	0.0	12.0	0.0	0.0
k__Bacteria; p__Firmicutes; c__Clostridia; o__Eubacteriales; f__Lachnospiraceae; g__Anaerostipes; s__Anaerostipes_caccae	0.0	0.0	11.0	10.0	6.0
k__Bacteria; p__Proteobacteria; c__Deltaproteobacteria; o__Desulfovibrionales; f__Desulfovibrionaceae; g__Desulfovibrio; s__Desulfovibrio_fairfieldensis	0.0	0.0	10.0	0.0	0.0
k__Bacteria; p__Firmicutes; c__Bacilli; o__Lactobacillales; f__Lactobacillaceae; g__Ligilactobacillus; s__Ligilactobacillus_ruminis	0.0	0.0	9.0	0.0	0.0
k__Bacteria; p__Bacteroidetes; c__Bacteroidia; o__Bacteroidales; f__Bacteroidaceae; g__Bacteroides; s__Bacteroides_xylanisolvens	0.0	0.0	8.0	0.0	0.0
k__Bacteria; p__Firmicutes; c__Clostridia; o__Eubacteriales; f__Oscillospiraceae; g__Caproicibacter; s__Caproicibacter_fermentans	0.0	0.0	7.0	0.0	0.0
k__Bacteria; p__Fusobacteria; c__Fusobacteriia; o__Fusobacteriales; f__Fusobacteriaceae; g__Fusobacterium; s__Fusobacterium_naviforme	0.0	0.0	6.0	19.0	0.0
k__Bacteria; p__Firmicutes; c__Clostridia; o__Eubacteriales; f__Lachnospiraceae; g__Robinsoniella; s__Robinsoniella_peoriensis	0.0	0.0	5.0	7.0	0.0
k__Bacteria; p__Fusobacteria; c__Fusobacteriia; o__Fusobacteriales; f__Fusobacteriaceae; g__Fusobacterium; s__Fusobacterium_periodonticum	0.0	0.0	5.0	6.0	0.0
k__Bacteria; p__Firmicutes; c__Negativicutes; o__Veillonellales; f__Veillonellaceae; g__Megasphaera; s__Megasphaera_massiliensis	0.0	0.0	4.0	0.0	28.0
k__Bacteria; p__Actinobacteria; c__Actinomycetia; o__Micrococcales; f__Micrococcaceae; g__Rothia; s__Rothia_mucilaginosa	0.0	0.0	4.0	0.0	0.0
k__Bacteria; p__Proteobacteria; c__Betaproteobacteria; o__Burkholderiales; f__Oxalobacteraceae; g__Oxalobacter; s__Oxalobacter_formigenes	0.0	0.0	4.0	0.0	0.0
k__Bacteria; p__Firmicutes; c__Clostridia; o__Eubacteriales; f__Oscillospiraceae; g__Faecalibacterium; s__bacterium_ic1379	0.0	0.0	4.0	0.0	0.0
k__Bacteria; p__Firmicutes; c__Clostridia; o__Eubacteriales; f__Lachnospiraceae; g__Lachnoclostridium; s__[Clostridium]_scindens	0.0	0.0	3.0	7.0	16.0
k__Bacteria; p__Firmicutes; c__Clostridia; o__Eubacteriales; f__Oscillospiraceae; g__Acutalibacter; s__Acutalibacter_muris	0.0	0.0	3.0	0.0	0.0
k__Bacteria; p__Bacteroidetes; c__Bacteroidia; o__Bacteroidales; f__Prevotellaceae; g__Prevotella; s__Prevotella_disiens	0.0	0.0	0.0	19.0	5.0
k__Bacteria; p__Firmicutes; c__Bacilli; o__Lactobacillales; f__Lactobacillaceae; g__Limosilactobacillus; s__Limosilactobacillus_fermentum	0.0	0.0	0.0	13.0	0.0
k__Bacteria; p__Synergistetes; c__Synergistia; o__Synergistales; f__Synergistaceae; g__Rarimicrobium; s__Rarimicrobium_hominis	0.0	0.0	0.0	11.0	0.0
k__Bacteria; p__Firmicutes; c__Clostridia; o__Eubacteriales; f__Lachnospiraceae; g__Dorea; s__Dorea_formicigenerans	0.0	0.0	0.0	10.0	0.0
k__Bacteria; p__Firmicutes; c__Clostridia; o__Eubacteriales; f__Lachnospiraceae; g__Butyrivibrio; s__Butyrivibrio_crossotus	0.0	0.0	0.0	9.0	19.0
k__Bacteria; p__Bacteroidetes; c__Bacteroidia; o__Bacteroidales; f__Prevotellaceae; g__Prevotella; s__Prevotella_paludivivens	0.0	0.0	0.0	8.0	0.0
k__Bacteria; p__Firmicutes; c__Negativicutes; o__Veillonellales; f__Veillonellaceae; g__Veillonella; s__Veillonella_rodentium	0.0	0.0	0.0	6.0	0.0
k__Bacteria; p__Firmicutes; c__Clostridia; o__Eubacteriales; f__Lachnospiraceae; g__Herbinix; s__Herbinix_luporum	0.0	0.0	0.0	5.0	0.0
k__Bacteria; p__Actinobacteria; c__Actinomycetia; o__Actinomycetales; f__Actinomycetaceae; g__Schaalia; s__Schaalia_turicensis	0.0	0.0	0.0	5.0	0.0
k__Bacteria; p__Actinobacteria; c__Actinomycetia; o__Corynebacteriales; f__Corynebacteriaceae; g__Corynebacterium; s__Corynebacterium_tuberculostearicum	0.0	0.0	0.0	5.0	0.0
k__Bacteria; p__Firmicutes; c__Negativicutes; o__Veillonellales; f__Veillonellaceae; g__Dialister; s__Dialister_micraerophilus	0.0	0.0	0.0	5.0	0.0
k__Bacteria; p__Actinobacteria; c__Coriobacteriia; o__Coriobacteriales; f__Atopobiaceae; g__Parafannyhessea; s__Parafannyhessea_umbonata	0.0	0.0	0.0	5.0	0.0
k__Bacteria; p__Bacteroidetes; c__Bacteroidia; o__Bacteroidales; f__Prevotellaceae; g__Prevotella; s__Prevotella_brunnea	0.0	0.0	0.0	5.0	0.0
k__Bacteria; p__Actinobacteria; c__Actinomycetia; o__Corynebacteriales; f__Corynebacteriaceae; g__Corynebacterium; s__Corynebacterium_pyruviciproducens	0.0	0.0	0.0	4.0	0.0
k__Bacteria; p__Fusobacteria; c__Fusobacteriia; o__Fusobacteriales; f__Fusobacteriaceae; g__Fusobacterium; s__Fusobacterium_simiae	0.0	0.0	0.0	4.0	0.0
k__Bacteria; p__Firmicutes; c__Tissierellia; o__Tissierellales; f__Peptoniphilaceae; g__Anaerococcus; s__Anaerococcus_provencensis	0.0	0.0	0.0	4.0	0.0
k__Bacteria; p__Firmicutes; c__Bacilli; o__Lactobacillales; f__Aerococcaceae; g__Facklamia; s__Facklamia_hominis	0.0	0.0	0.0	4.0	0.0
k__Bacteria; p__Proteobacteria; c__Epsilonproteobacteria; o__Campylobacterales; f__Campylobacteraceae; g__Campylobacter; s__Campylobacter_gracilis	0.0	0.0	0.0	4.0	0.0
k__Bacteria; p__Firmicutes; c__Tissierellia; o__Tissierellales; f__Peptoniphilaceae; g__Peptoniphilus; s__Peptoniphilus_catoniae	0.0	0.0	0.0	4.0	0.0
k__Bacteria; p__Firmicutes; c__Tissierellia; o__Tissierellales; f__Peptoniphilaceae; g__Anaerococcus; s__Anaerococcus_obesiensis	0.0	0.0	0.0	4.0	0.0
k__Bacteria; p__Firmicutes; c__Clostridia; o__Eubacteriales; f__; g__Intestinimonas; s__Intestinimonas_timonensis	0.0	0.0	0.0	3.0	0.0
k__Bacteria; p__Firmicutes; c__Clostridia; o__Eubacteriales; f__Lachnospiraceae; g__Murimonas; s__Murimonas_intestini	0.0	0.0	0.0	3.0	0.0
k__Bacteria; p__Actinobacteria; c__Actinomycetia; o__Actinomycetales; f__Actinomycetaceae; g__Winkia; s__Winkia_neuii	0.0	0.0	0.0	3.0	0.0
k__Bacteria; p__Firmicutes; c__Bacilli; o__Lactobacillales; f__Lactobacillaceae; g__Lactobacillus; s__Lactobacillus_iners	0.0	0.0	0.0	3.0	0.0
k__Bacteria; p__Firmicutes; c__Clostridia; o__Eubacteriales; f__Lachnospiraceae; g__Anaerobutyricum; s__Anaerobutyricum_soehngenii	0.0	0.0	0.0	0.0	29.0
k__Bacteria; p__Firmicutes; c__Clostridia; o__Eubacteriales; f__Oscillospiraceae; g__Harryflintia; s__Harryflintia_acetispora	0.0	0.0	0.0	0.0	5.0
k__Bacteria; p__Bacteroidetes; c__Bacteroidia; o__Bacteroidales; f__Porphyromonadaceae; g__Sanguibacteroides; s__Sanguibacteroides_justesenii	0.0	0.0	0.0	0.0	5.0
k__Bacteria; p__Bacteroidetes; c__Bacteroidia; o__Bacteroidales; f__Bacteroidaceae; g__Mediterranea; s__Mediterranea_massiliensis	0.0	0.0	0.0	0.0	5.0
k__Bacteria; p__Firmicutes; c__Clostridia; o__Eubacteriales; f__Lachnospiraceae; g__Lachnoclostridium; s__[Clostridium]_polysaccharolyticum	0.0	0.0	0.0	0.0	3.0
